Australia and New Zealand,7.285
Central and Eastern Europe,5.332931034482758
Eastern Asia,5.626166666666666
Latin America and Caribbean,6.144681818181818
Middle East and Northern Africa,5.406899999999999
North America,7.273
Southeastern Asia,5.317444444444445
Southern Asia,4.580857142857143
Sub-Saharan Africa,4.202800000000001
Western Europe,6.689619047619048
