Australia and New Zealand,7.299000025
Central and Eastern Europe,5.4099310349310334
Eastern Asia,5.646666606166668
Latin America and Caribbean,5.957818193863637
Middle East and Northern Africa,5.369684194210526
North America,7.154500008
Southeastern Asia,5.444875001875
Southern Asia,4.628428561142856
Sub-Saharan Africa,4.111948722435898
Western Europe,6.703714302666667
